top_level_category,subcategories
accommodation,"[accommodation, beach_resort, bed_and_breakfast, cabin, campground, cottage, guest_house, health_retreats, holiday_rental_home, hostel, hotel, inn, lodge, motel, mountain_huts, resort, rv_park, service_apartments]"
active_life,"[active_life, adventure_sports_center, aerial_fitness_center, airsoft_fields, amateur_sports_league, amateur_sports_team, american_football_field, archery_range, atv_recreation_park, badminton_court, barre_classes, baseball_field, basketball_court, batting_cage, beach_equipment_rentals, beach_volleyball_club, beach_volleyball_court, bicycle_path, bike_rentals, bocce_ball_court, boot_camp, bowling_alley, boxing_class, boxing_club, boxing_gym, brazilian_jiu_jitsu_club, bubble_soccer_field, canoe_and_kayak_hire_service, cardio_classes, chinese_martial_arts_club, climbing_class, cycling_classes, dance_school, disc_golf_course, diving_center, driving_range, ems_training, equestrian_facility, esports_league, esports_team, fencing_club, fishing_club, fitness_trainer, flyboarding_center, football_club, free_diving_center, free_diving_instruction, futsal_field, go_kart_club, golf_club, golf_course, golf_instructor, gym, gymnastics_center, gymnastics_club, handball_court, hang_gliding_center, health_consultant, hockey_field, horse_racing_track, horse_riding, ice_skating_rink, indoor_golf_center, karate_club, kickboxing_club, kiteboarding, lawn_bowling_club, martial_arts_club, meditation_center, miniature_golf_course, muay_thai_club, nudist_clubs, paddle_tennis_club, paddleboarding_center, paddleboarding_lessons, pilates_studio, playground, pool_billiards, pool_hall, professional_sports_league, professional_sports_team, qi_gong_studio, race_track, racing_experience, racquetball_court, rock_climbing_gym, rock_climbing_instructor, roller_skating_rink, rowing_club, rugby_pitch, sailing_club, school_sports_league, school_sports_team, scooter_rental, scuba_diving_center, scuba_diving_instruction, self_defense_classes, shooting_range, skate_park, skating_rink, ski_and_snowboard_school, sky_diving, soccer_club, soccer_field, sport_equipment_rentals, sports_and_fitness_instruction, sports_and_recreation_rental_and_services, sports_and_recreation_venue, sports_club_and_league, squash_court, surf_lifesaving_club, surfing_school, swimming_instructor, swimming_pool, table_tennis_club, taekwondo_club, tai_chi_studio, tennis_court, trampoline_park, tubing_provider, volleyball_club, volleyball_court, wildlife_hunting_range, yoga_instructor, yoga_studio, zorbing_center]"
arts_and_entertainment,"[adult_entertainment, arcade, arts_and_entertainment, astrologer, attraction_farm, auditorium, bar_crawl, baseball_stadium, basketball_stadium, betting_center, bingo_hall, bookmakers, cabaret, carousel, casino, chamber_of_handicraft, choir, cinema, circus, club_crawl, comedy_club, country_club, country_dance_hall, cricket_ground, dance_club, dinner_theater, drive_in_theater, eatertainment, erotic_massage, escape_rooms, exhibition_and_trade_center, fair, farm, festival, film_festivals_and_organizations, football_stadium, fraternal_organization, general_festivals, glass_blowing, hockey_arena, holiday_market, indoor_playcenter, internet_cafe, jazz_and_blues, karaoke, laser_tag, makerspace, marching_band, music_festivals_and_organizations, music_venue, musical_band_orchestras_and_symphonies, mystic, opera_and_ballet, orchard, outdoor_movies, paint_and_sip, paintball, performing_arts, pick_your_own_farm, planetarium, poultry_farm, psychic, psychic_medium, ranch, rodeo, rugby_stadium, salsa_club, soccer_stadium, social_club, stadium_arena, strip_club, striptease_dancer, studio_taping, supernatural_reading, tennis_stadium, theaters_and_performance_venues, theatre, ticket_sales, topic_concert_venue, track_stadium, trade_fair, veterans_organization, virtual_reality_center, water_park, wildlife_sanctuary]"
attractions_and_activities,"[amusement_park, aquarium, architecture, art_gallery, art_museum, asian_art_museum, attractions_and_activities, atv_rentals_and_tours, aviation_museum, axe_throwing, backpacking_area, beach, beach_combing_area, boat_rental_and_training, boating_places, bobsledding_field, botanical_garden, bungee_jumping_center, canyon, cartooning_museum, castle, cave, challenge_courses_center, childrens_museum, civilization_museum, cliff_jumping_center, climbing_service, community_museum, computer_museum, contemporary_art_museum, costume_museum, crater, cultural_center, decorative_arts_museum, design_museum, dog_park, fishing_charter, flyboarding_rental, fort, fountain, go_kart_track, haunted_house, high_gliding_center, hiking_trail, history_museum, horseback_riding_service, hot_air_balloons_tour, hot_springs, jet_skis_rental, kiteboarding_instruction, lake, landmark_and_historical_building, lighthouse, lookout, marina, memorial_park, military_museum, modern_art_museum, monument, mountain_bike_parks, mountain_bike_trails, museum, national_museum, national_park, observatory, paddleboard_rental, palace, parasailing_ride_service, park, petting_zoo, photography_museum, plaza, rafting_kayaking_area, rock_climbing_spot, ruin, sailing_area, sand_dune, scavenger_hunts_provider, science_museum, sculpture_statue, ski_area, skyline, sledding_rental, snorkeling, snorkeling_equipment_rental, snowboarding_center, sports_museum, stargazing_area, state_museum, state_park, street_art, surfboard_rental, surfing, textile_museum, trail, waterfall, windsurfing_center, ziplining_center, zoo]"
automotive,"[aircraft_dealer, aircraft_parts_and_supplies, aircraft_repair, auto_body_shop, auto_company, auto_customization, auto_detailing, auto_electrical_repair, auto_glass_service, auto_restoration_services, auto_security, auto_upholstery, automobile_leasing, automobile_registration_service, automotive, automotive_consultant, automotive_dealer, automotive_parts_and_accessories, automotive_repair, automotive_services_and_repair, automotive_storage_facility, automotive_wheel_polishing_service, avionics_shop, boat_dealer, boat_parts_and_accessories, boat_service_and_repair, brake_service_and_repair, car_buyer, car_dealer, car_inspection, car_stereo_installation, car_stereo_store, car_wash, car_window_tinting, commercial_vehicle_dealer, diy_auto_shop, emergency_roadside_service, emissions_inspection, engine_repair_service, ev_charging_station, exhaust_and_muffler_repair, fuel_dock, gas_station, golf_cart_dealer, hybrid_car_repair, interlock_system, mobile_dent_repair, motorcycle_dealer, motorcycle_gear, motorcycle_manufacturer, motorcycle_repair, motorsport_vehicle_dealer, motorsport_vehicle_repair, motorsports_store, oil_change_station, recreation_vehicle_repair, recreational_vehicle_dealer, recreational_vehicle_parts_and_accessories, roadside_assistance, scooter_dealers, tire_dealer_and_repair, towing_service, trailer_dealer, trailer_repair, transmission_repair, truck_dealer, truck_gas_station, truck_repair, truck_stop, used_car_dealer, vehicle_shipping, vehicle_wrap, wheel_and_rim_repair, windshield_installation_and_repair]"
beauty_and_spa,"[acne_treatment, aromatherapy, barber, beauty_and_spa, beauty_salon, blow_dry_blow_out_service, day_spa, esthetician, eyebrow_service, eyelash_service, foot_care, hair_extensions, hair_loss_center, hair_removal, hair_replacement, hair_salon, hair_stylist, health_spa, image_consultant, kids_hair_salon, laser_hair_removal, makeup_artist, massage, medical_spa, nail_salon, onsen, permanent_makeup, piercing, public_bath_houses, skin_care, spas, spray_tanning, sugaring, tanning_bed, tanning_salon, tattoo, tattoo_and_piercing, teeth_whitening, threading_service, turkish_baths, waxing]"
business_to_business,"[abrasives_supplier, aggregate_supplier, agricultural_cooperatives, agricultural_engineering_service, agricultural_production, agricultural_service, agriculture, aircraft_manufacturer, airline, aluminum_supplier, apiaries_and_beekeepers, appliance_manufacturer, audio_visual_production_and_design, auto_manufacturers_and_distributors, automation_services, b2b_agriculture_and_food, b2b_apparel, b2b_autos_and_vehicles, b2b_cleaning_and_waste_management, b2b_dairies, b2b_electronic_equipment, b2b_energy_and_mining, b2b_equipment_maintenance_and_repair, b2b_farming, b2b_farms, b2b_food_products, b2b_forklift_dealers, b2b_furniture_and_housewares, b2b_hardware, b2b_jewelers, b2b_machinery_and_tools, b2b_medical_support_services, b2b_oil_and_gas_extraction_and_services, b2b_rubber_and_plastics, b2b_science_and_technology, b2b_scientific_equipment, b2b_sporting_and_recreation_goods, b2b_storage_and_warehouses, b2b_textiles, b2b_tires, b2b_tractor_dealers, b2b_truck_equipment_parts_and_accessories, background_check_services, bags_luggage_company, battery_inverter_supplier, bearing_supplier, beauty_product_supplier, beverage_supplier, biotechnology_company, boat_builder, bottled_water_company, business, business_advertising, business_equipment_and_supply, business_management_services, business_manufacturing_and_supply, business_office_supplies_and_stationery, business_records_storage_and_management, business_signage, business_storage_and_transportation, business_to_business, business_to_business_services, casting_molding_and_machining, cement_supplier, chemical_plant, cleaning_products_supplier, clinical_laboratories, clothing_company, coal_and_coke, commercial_industrial, computer_wholesaler, consultant_and_general_service, cosmetic_products_manufacturer, cotton_mill, coworking_space, crops_production, dairy_farm, dental_laboratories, direct_mail_advertising, distribution_services, domestic_business_and_trade_organizations, drinking_water_dispenser, electrical_wholesaler, electronic_parts_supplier, energy_equipment_and_solution, energy_management_and_conservation_consultants, environmental_and_ecological_services_for_businesses, environmental_conservation_and_ecological_organizations, environmental_renewable_natural_resource, executive_search_consultants, exporters, fabric_wholesaler, farm_equipment_and_supply, farming_services, fastener_supplier, ferry_boat_company, fertilizer_store, fish_farm, fish_farms_and_hatcheries, fitness_equipment_wholesaler, flour_mill, fmcg_wholesaler, food_and_beverage_exporter, food_beverage_service_distribution, food_consultant, footwear_wholesaler, forestry_consultants, freight_and_cargo_service, freight_forwarding_agency, furniture_manufacturers, furniture_wholesalers, geological_services, glass_manufacturer, grain_elevators, grain_production, granite_supplier, greengrocer, greenhouses, hospital_equipment_and_supplies, hotel_supply_service, human_resource_services, hvac_supplier, hydraulic_equipment_supplier, importer_and_exporter, importers, industrial_company, industrial_equipment, industrial_spares_and_products_wholesaler, information_technology_company, international_business_and_trade_services, inventory_control_service, iron_and_steel_industry, iron_and_steel_store, iron_work, irrigation_companies, jewelry_and_watches_manufacturer, jewelry_manufacturer, laboratory_equipment_supplier, laser_cutting_service_provider, leather_products_manufacturer, lighting_fixture_manufacturers, lingerie_wholesaler, livestock_breeder, livestock_dealers, logging_contractor, logging_equipment_and_supplies, logging_services, manufacturers_agents_and_representatives, manufacturing_and_industrial_consultant, marketing_consultant, mattress_manufacturing, meat_wholesaler, medical_research_and_development, metal_fabricator, metal_plating_service, metal_supplier, metals, mills, mining, motor_freight_trucking, newspaper_advertising, occupational_safety, oil_and_gas, oil_and_gas_exploration_and_development, oil_and_gas_field_equipment_and_services, oil_refiners, optical_wholesaler, orchards_production, outdoor_advertising, paper_mill, pharmaceutical_companies, pharmaceutical_products_wholesaler, pig_farm, pipe_supplier, pipeline_transportation, plastic_company, plastic_fabrication_company, plastic_injection_molding_workshop, plastic_manufacturer, poultry_farming, power_plants_and_power_plant_service, printing_equipment_and_supply, produce_wholesaler, promotional_products_and_services, publicity_service, quarries, radio_and_television_commercials, railroad_freight, research_institute, restaurant_equipment_and_supply, restaurant_management, restaurant_wholesale, retaining_wall_supplier, rice_mill, sand_and_gravel_supplier, saw_mill, scale_supplier, scientific_laboratories, scrap_metals, seafood_wholesaler, seal_and_hanko_dealers, secretarial_services, sheet_metal, shoe_factory, spices_wholesaler, spring_supplier, steel_fabricators, stone_supplier, surgical_appliances_and_supplies, tea_wholesaler, telecommunications_company, telemarketing_services, textile_mill, thread_supplier, threads_and_yarns_wholesaler, tobacco_company, tools_wholesaler, tower_communication_service, transcription_services, translating_and_interpreting_services, travel_company, truck_dealer_for_businesses, truck_repair_and_services_for_businesses, trucks_and_industrial_vehicles, turnery, urban_farm, vending_machine_supplier, warehouse_rental_services_and_yards, warehouses, water_softening_equipment_supplier, water_treatment_equipment_and_services, weaving_mill, wholesale_florist, wholesale_grocer, wholesaler, window_supplier, wine_wholesaler, wood_and_pulp]"
eat_and_drink,"[acai_bowls, afghan_restaurant, african_restaurant, airport_lounge, american_restaurant, arabian_restaurant, argentine_restaurant, armenian_restaurant, asian_fusion_restaurant, asian_restaurant, australian_restaurant, austrian_restaurant, azerbaijani_restaurant, bagel_restaurant, baguettes, bangladeshi_restaurant, baozi_restaurant, bar, bar_and_grill_restaurant, barbecue_restaurant, basque_restaurant, beach_bar, beer_bar, beer_garden, belarusian_restaurant, belgian_restaurant, belizean_restaurant, bistro, bolivian_restaurant, brasserie, brazilian_restaurant, breakfast_and_brunch_restaurant, brewery, british_restaurant, bubble_tea, buffet_restaurant, bulgarian_restaurant, burger_restaurant, burmese_restaurant, cafe, cafeteria, cajun_and_creole_restaurant, cambodian_restaurant, canadian_restaurant, canteen, caribbean_restaurant, catalan_restaurant, champagne_bar, cheesesteak_restaurant, chicken_restaurant, chicken_wings_restaurant, chilean_restaurant, chinese_restaurant, cidery, cigar_bar, cocktail_bar, coffee_roastery, coffee_shop, colombian_restaurant, comfort_food_restaurant, costa_rican_restaurant, cuban_restaurant, curry_sausage_restaurant, czech_restaurant, danish_restaurant, dim_sum_restaurant, diner, dive_bar, diy_foods_restaurant, dog_meat_restaurant, dominican_restaurant, doner_kebab, drive_thru_bar, dumpling_restaurant, eastern_european_restaurant, eat_and_drink, ecuadorian_restaurant, egyptian_restaurant, empanadas, ethiopian_restaurant, european_restaurant, falafel_restaurant, fast_food_restaurant, filipino_restaurant, fischbrotchen_restaurant, fish_and_chips_restaurant, fish_restaurant, flatbread_restaurant, fondue_restaurant, food_court, french_restaurant, gastropub, gay_bar, georgian_restaurant, german_restaurant, gluten_free_restaurant, greek_restaurant, guamanian_restaurant, guatemalan_restaurant, haitian_restaurant, halal_restaurant, haute_cuisine_restaurant, hawaiian_restaurant, health_food_restaurant, himalayan_nepalese_restaurant, honduran_restaurant, hong_kong_style_cafe, hookah_bar, hot_dog_restaurant, hotel_bar, hungarian_restaurant, iberian_restaurant, indian_restaurant, indo_chinese_restaurant, indonesian_restaurant, international_restaurant, irish_pub, irish_restaurant, israeli_restaurant, italian_restaurant, jamaican_restaurant, japanese_restaurant, jewish_restaurant, kofta_restaurant, kombucha, korean_restaurant, kosher_restaurant, kurdish_restaurant, laotian_restaurant, latin_american_restaurant, lebanese_restaurant, live_and_raw_food_restaurant, lounge, malaysian_restaurant, meat_restaurant, meatball_restaurant, mediterranean_restaurant, mexican_restaurant, middle_eastern_restaurant, milk_bar, milkshake_bar, molecular_gastronomy_restaurant, mongolian_restaurant, moroccan_restaurant, nasi_restaurant, nicaraguan_restaurant, nigerian_restaurant, noodles_restaurant, norwegian_restaurant, oriental_restaurant, pakistani_restaurant, pan_asian_restaurant, panamanian_restaurant, pancake_house, paraguayan_restaurant, persian_iranian_restaurant, peruvian_restaurant, piadina_restaurant, piano_bar, pigs_trotters_restaurant, pizza_restaurant, poke_restaurant, polish_restaurant, polynesian_restaurant, pop_up_restaurant, portuguese_restaurant, potato_restaurant, poutinerie_restaurant, pub, puerto_rican_restaurant, restaurant, romanian_restaurant, rotisserie_chicken_restaurant, russian_restaurant, sake_bar, salad_bar, salvadoran_restaurant, scandinavian_restaurant, schnitzel_restaurant, scottish_restaurant, seafood_restaurant, senegalese_restaurant, serbo_croatian_restaurant, singaporean_restaurant, slovakian_restaurant, smoothie_juice_bar, soul_food, soup_restaurant, south_african_restaurant, southern_restaurant, spanish_restaurant, speakeasy, sports_bar, sri_lankan_restaurant, steakhouse, sugar_shack, supper_club, sushi_restaurant, swiss_restaurant, syrian_restaurant, tabac, taco_restaurant, taiwanese_restaurant, tapas_bar, tatar_restaurant, tea_room, texmex_restaurant, thai_restaurant, theme_restaurant, tiki_bar, trinidadian_restaurant, turkish_restaurant, ukrainian_restaurant, uruguayan_restaurant, uzbek_restaurant, vegan_restaurant, vegetarian_restaurant, venezuelan_restaurant, venison_restaurant, vermouth_bar, vietnamese_restaurant, waffle_restaurant, whiskey_bar, wild_game_meats_restaurant, wine_bar, wok_restaurant, wrap_restaurant]"
education,"[adult_education, archaeological_services, architecture_schools, art_school, bartending_school, board_of_education_offices, business_schools, campus_building, charter_school, cheerleading, cheese_tasting_classes, childbirth_education, circus_school, civil_examinations_academy, college_counseling, college_university, computer_coaching, cooking_school, cosmetology_school, cpr_classes, dentistry_schools, drama_school, driving_school, dui_school, education, educational_camp, educational_research_institute, educational_services, elementary_school, engineering_schools, firearm_training, first_aid_class, flight_school, food_safety_training, high_school, language_school, law_schools, massage_school, medical_school, medical_sciences_schools, middle_school, montessori_school, music_school, nursing_school, parenting_classes, pharmacy_schools, photography_classes, preschool, private_school, private_tutor, public_school, religious_school, school, school_district_offices, science_schools, specialty_school, speech_training, sports_school, student_union, tasting_classes, test_preparation, traffic_school, tutoring_center, veterinary_schools, vocational_and_technical_school, waldorf_school, wine_tasting_classes]"
financial_service,"[accountant, atms, auto_insurance, auto_loan_provider, bank_credit_union, banks, brokers, business_banking_service, business_brokers, business_financing, check_cashing_payday_loans, coin_dealers, collection_agencies, credit_and_debt_counseling, credit_union, currency_exchange, debt_relief_services, farm_insurance, fidelity_and_surety_bonds, financial_advising, financial_service, holding_companies, home_and_rental_insurance, installment_loans, insurance_agency, investing, investment_management_company, life_insurance, money_transfer_services, mortgage_lender, stock_and_bond_brokers, tax_services, trusts]"
health_and_medical,"[abortion_clinic, abuse_and_addiction_treatment, acupuncture, addiction_rehabilitation_center, aesthetician, alcohol_and_drug_treatment_center, alcohol_and_drug_treatment_centers, allergist, alternative_medicine, ambulance_and_ems_services, anesthesiologist, animal_assisted_therapy, assisted_living_facility, audiologist, ayurveda, behavior_analyst, blood_and_plasma_donation_center, body_contouring, bulk_billing, cancer_treatment_center, cannabis_clinic, cannabis_collective, cardiologist, cardiovascular_and_thoracic_surgeon, child_psychiatrist, childrens_hospital, chiropractor, colonics, community_health_center, concierge_medicine, cosmetic_dentist, cosmetic_surgeon, counseling_and_mental_health, crisis_intervention_services, cryotherapy, dental_hygienist, dentist, dermatologist, diagnostic_imaging, diagnostic_services, dialysis_clinic, dietitian, doctor, doula, ear_nose_and_throat, eating_disorder_treatment_centers, emergency_medicine, emergency_room, endocrinologist, endodontist, endoscopist, environmental_medicine, eye_care_clinic, family_counselor, family_practice, fertility, float_spa, gastroenterologist, general_dentistry, geneticist, geriatric_medicine, geriatric_psychiatry, gerontologist, halfway_house, halotherapy, health_and_medical, health_and_wellness_club, health_coach, health_department, health_insurance_office, hematology, hepatologist, home_health_care, homeopathic_medicine, hospice, hospital, hospitalist, hydrotherapy, hypnosis_hypnotherapy, immunodermatologist, infectious_disease_specialist, internal_medicine, iv_hydration, laboratory_testing, lactation_services, laser_eye_surgery_lasik, lice_treatment, marriage_or_relationship_counselor, massage_therapy, maternity_centers, medical_cannabis_referral, medical_center, medical_service_organizations, medical_transportation, memory_care, midwife, mobile_clinic, naturopathic_holistic, nephrologist, neurologist, neuropathologist, neurotologist, nurse_practitioner, nutritionist, obstetrician_and_gynecologist, occupational_medicine, occupational_therapy, oncologist, ophthalmologist, optometrist, oral_surgeon, organ_and_tissue_donor_service, orthodontist, orthopedist, orthotics, osteopath, osteopathic_physician, otologist, oxygen_bar, pain_management, paternity_tests_and_services, pathologist, pediatric_anesthesiology, pediatric_cardiology, pediatric_dentist, pediatric_endocrinology, pediatric_gastroenterology, pediatric_infectious_disease, pediatric_nephrology, pediatric_neurology, pediatric_oncology, pediatric_orthopedic_surgery, pediatric_pulmonology, pediatric_radiology, pediatric_surgery, pediatrician, periodontist, personal_care_service, phlebologist, physical_therapy, physician_assistant, placenta_encapsulation_service, plastic_surgeon, podiatrist, podiatry, prenatal_perinatal_care, preventive_medicine, proctologist, prosthetics, prosthodontist, psychiatrist, psychoanalyst, psychologist, psychomotor_therapist, psychotherapist, public_health_clinic, pulmonologist, radiologist, reflexology, rehabilitation_center, reiki, retina_specialist, rheumatologist, sauna, sex_therapist, skilled_nursing, sleep_specialist, sophrologist, speech_therapist, sperm_clinic, spine_surgeon, sports_medicine, sports_psychologist, storefront_clinic, stress_management_services, suicide_prevention_services, surgeon, surgical_center, tattoo_removal, toxicologist, traditional_chinese_medicine, tropical_medicine, tui_na, ultrasound_imaging_center, undersea_hyperbaric_medicine, urgent_care_clinic, urologist, vascular_medicine, walk_in_clinic, weight_loss_center, wellness_program, womens_health_clinic]"
home_service,"[altering_and_remodeling_contractor, artificial_turf, backflow_services, bathroom_remodeling, bathtub_and_sink_repairs, building_contractor, cabinet_sales_service, carpenter, carpet_cleaning, carpet_installation, ceiling_and_roofing_repair_and_service, ceiling_service, childproofing, chimney_service, chimney_sweep, closet_remodeling, contractor, countertop_installation, damage_restoration, deck_and_railing_sales_service, demolition_service, door_sales_service, drywall_services, electrician, excavation_service, exterior_design, fence_and_gate_sales_service, fire_and_water_damage_restoration, fire_protection_service, fireplace_service, firewood, flooring_contractors, foundation_repair, furniture_assembly, garage_door_service, gardener, glass_and_mirror_sales_service, grout_service, gutter_service, handyman, holiday_decorating, home_automation, home_cleaning, home_energy_auditor, home_inspector, home_network_installation, home_security, home_service, home_window_tinting, house_sitting, hvac_services, insulation_installation, interior_design, irrigation, key_and_locksmith, kitchen_remodeling, landscape_architect, landscaping, lawn_service, lighting_fixtures_and_equipment, masonry_concrete, mobile_home_repair, movers, packing_services, painting, patio_covers, paving_contractor, plasterer, plumbing, pool_and_hot_tub_services, pool_cleaning, pressure_washing, refinishing_services, roofing, security_systems, shades_and_blinds, shutters, siding, skylight_installation, solar_installation, solar_panel_cleaning, structural_engineer, stucco_services, television_service_providers, tiling, tree_services, wallpaper_installers, washer_and_dryer_repair_service, water_heater_installation_repair, water_purification_services, waterproofing, window_washing, windows_installation]"
mass_media,"[animation_studio, art_restoration, book_magazine_distribution, broadcasting_media_production, game_publisher, mass_media, media_agency, media_critic, media_news_company, media_news_website, media_restoration_service, movie_critic, movie_television_studio, music_critic, music_production, print_media, radio_station, social_media_company, television_station, theatrical_productions, topic_publisher, video_game_critic, weather_forecast_services]"
pets,"[animal_hospital, animal_physical_therapy, animal_rescue_service, animal_shelter, aquarium_services, dog_trainer, dog_walkers, emergency_pet_hospital, farrier_services, holistic_animal_care, horse_boarding, horse_trainer, pet_adoption, pet_boarding, pet_breeder, pet_cemetery_and_crematorium_services, pet_groomer, pet_hospice, pet_insurance, pet_photography, pet_services, pet_sitting, pet_training, pet_transportation, pet_waste_removal, pets, veterinarian]"
private_establishments_and_corporates,"[corporate_entertainment_services, corporate_gift_supplier, corporate_office, private_equity_firm, private_establishments_and_corporates]"
professional_services,"[3d_printing_service, acoustical_consultant, adoption_services, advertising_agency, after_school_program, air_duct_cleaning_service, antenna_service, appellate_practice_lawyers, appliance_repair_service, appraisal_services, architect, architectural_designer, art_restoration_service, audiovisual_equipment_rental, awning_supplier, bail_bonds_service, balloon_services, bank_equipment_service, bankruptcy_law, bartender, bike_repair_maintenance, billing_services, blacksmiths, blueprinters, boat_charter, boat_storage_facility, bookbinding, bookkeeper, boudoir_photography, bounce_house_rental, bus_rentals, business_consulting, business_law, calligraphy, car_broker, career_counseling, caricature, carpet_dyeing, caterer, cemeteries, certification_agency, child_care_and_day_care, civil_engineers, civil_rights_lawyers, cleaning_services, clock_repair_service, clown, commercial_printer, commercial_refrigeration, commissioned_artist, community_book_boxes, community_gardens, computer_hardware_company, construction_management, construction_services, contract_law, copywriting_service, courier_and_delivery_services, court_reporter, crane_services, cremation_services, criminal_defense_law, customs_broker, data_recovery, day_care_preschool, delegated_driver_service, diamond_dealer, digitizing_services, disability_law, divorce_and_family_law, dj_service, donation_center, dry_cleaning, dui_law, dumpster_rentals, duplication_services, e_commerce_service, editorial_services, elder_care_planning, electrical_consultant, electricity_supplier, electronics_repair_shop, elevator_service, emergency_service, employment_agencies, employment_law, engineering_services, engraving, entertainment_law, environmental_abatement_services, environmental_testing, estate_planning_law, event_photography, event_planning, event_technology_service, face_painting, farm_equipment_repair_service, feng_shui, fingerprinting_service, floral_designer, food_and_beverage_consultant, forestry_service, fortune_telling_service, funeral_services_and_cemeteries, furniture_rental_service, furniture_repair, furniture_reupholstery, game_truck_rental, garbage_collection_service, genealogists, general_litigation, generator_installation_repair, gents_tailor, goldsmith, golf_cart_rental, graphic_designer, gravel_professionals, gunsmith, hazardous_waste_disposal, henna_artist, hydraulic_repair_service, hydro_jetting, ice_supplier, immigration_assistance_services, immigration_law, indoor_landscaping, industrial_cleaning_services, inspection_services, instrumentation_engineers, internet_marketing_service, internet_service_provider, ip_and_internet_law, ironworkers, it_consultant, it_service_and_computer_repair, it_support_and_service, janitorial_services, jewelry_repair_service, junk_removal_and_hauling, junkyard, karaoke_rental, kids_recreation_and_party, knife_sharpening, laboratory, laundromat, laundry_services, lawn_mower_repair_service, lawyer, legal_services, life_coach, lime_professionals, lottery_ticket, machine_and_tool_rentals, machine_shop, magician, mailbox_center, marble_and_granite_professionals, marketing_agency, masonry_contractors, matchmaker, mechanical_engineers, mediator, medical_law, merchandising_service, metal_detector_services, metal_materials_and_experts, misting_system_services, mobile_phone_repair, mobility_equipment_services, mohel, mooring_service, mortuary_services, music_production_services, musical_instrument_services, musician, nanny_services, natural_gas_supplier, notary_public, office_cleaning, officiating_services, package_locker, packaging_contractors_and_service, paralegal_services, party_and_event_planning, party_bike_rental, party_bus_rental, party_character, party_equipment_rental, patent_law, payroll_services, personal_assistant, personal_chef, personal_injury_law, pest_control_service, photo_booth_rental, photographer, piano_services, powder_coating_service, printing_services, private_investigation, process_servers, product_design, professional_services, propane_supplier, public_adjuster, public_phones, public_relations, public_restrooms, real_estate_law, record_label, recording_and_rehearsal_studio, recycling_center, road_contractor, rv_and_boat_storage_facility, rv_storage_facility, sandblasting_service, screen_printing_t_shirt_printing, security_services, self_storage_facility, septic_services, session_photography, sewing_and_alterations, shipping_center, shoe_repair, shoe_shining_service, shredding_services, sign_making, silent_disco, snow_removal_service, snuggle_service, social_media_agency, social_security_law, software_development, sommelier_service, stone_and_masonry, storage_facility, talent_agency, tax_law, taxidermist, team_building_activity, telecommunications, telephone_services, temp_agency, tenant_and_eviction_law, tent_house_supplier, traffic_ticketing_law, translation_services, trivia_host, tv_mounting, typing_services, utility_service, valet_service, venue_and_event_space, video_film_production, videographer, vocal_coach, watch_repair_service, water_delivery, water_supplier, web_designer, web_hosting_service, wedding_chapel, wedding_planning, welders, well_drilling, wildlife_control, wills_trusts_and_probate, wind_energy, workers_compensation_law, writing_service]"
public_service_and_government,"[agriculture_association, armed_forces_branch, central_government_office, chambers_of_commerce, charity_organization, child_protection_service, children_hall, civic_center, community_center, community_services_non_profits, courthouse, department_of_motor_vehicles, department_of_social_service, disability_services_and_support_organization, electric_utility_provider, embassy, energy_company, environmental_conservation_organization, family_service_center, federal_government_offices, fire_department, food_banks, foster_care_services, gay_and_lesbian_services_organization, government_services, home_organization, homeless_shelter, housing_authorities, immigration_and_naturalization, jail_and_prison, juvenile_detention_center, labor_union, law_enforcement, library, local_and_state_government_offices, low_income_housing, national_security_services, non_governmental_association, office_of_vital_records, organization, pension, police_department, political_organization, political_party_office, post_office, private_association, public_and_government_association, public_service_and_government, public_toilet, public_utility_company, railway_service, registry_office, retirement_home, scout_hall, senior_citizen_services, shipping_collection_services, social_and_human_services, social_security_services, social_service_organizations, social_welfare_center, tax_office, town_hall, unemployment_office, volunteer_association, weather_station, youth_organizations]"
real_estate,"[apartment_agent, apartments, art_space_rental, builders, commercial_real_estate, condominium, display_home_center, escrow_services, estate_liquidation, holiday_park, home_developer, home_staging, homeowner_association, housing_cooperative, kitchen_incubator, land_surveying, mobile_home_dealer, mobile_home_park, mortgage_broker, property_management, real_estate, real_estate_agent, real_estate_investment, real_estate_photography, real_estate_service, rental_services, shared_office_space, university_housing]"
religious_organization,"[anglican_church, baptist_church, buddhist_temple, catholic_church, church_cathedral, convents_and_monasteries, episcopal_church, evangelical_church, hindu_temple, jehovahs_witness_kingdom_hall, mission, mosque, pentecostal_church, religious_destination, religious_organization, shinto_shrines, sikh_temple, synagogue, temple]"
retail,"[academic_bookstore, adult_store, agricultural_seed_store, antique_store, appliance_store, aquatic_pet_store, archery_shop, army_and_navy_store, art_supply_store, arts_and_crafts, asian_grocery_store, atelier, auction_house, audio_visual_equipment_store, auto_parts_and_supply_store, baby_gear_and_furniture, back_shop, bagel_shop, bakery, bathroom_fixture_stores, battery_store, bazaars, bedding_and_bath_stores, beer_wine_and_spirits, beverage_store, bicycle_shop, bird_shop, boat_parts_and_supply_store, books_mags_music_and_video, bookstore, boutique, box_lunch_supplier, brewing_supply_store, bridal_shop, building_supply_store, butcher_shop, candle_store, candy_store, cannabis_dispensary, car_auction, cards_and_stationery_store, carpet_store, ceremonial_clothing, cheese_shop, childrens_clothing_store, chimney_cake_shop, chocolatier, christmas_trees, clothing_rental, clothing_store, coffee_and_tea_supplies, comic_books_store, computer_store, concept_shop, convenience_store, cooking_classes, cosmetic_and_beauty_supplies, costume_store, craft_shop, csa_farm, cupcake_shop, custom_cakes_shop, custom_clothing, custom_t_shirt_store, customized_merchandise, dairy_stores, dance_wear, delicatessen, denim_wear_store, dental_supply_store, department_store, designer_clothing, desserts, discount_store, distillery, dive_shop, do_it_yourself_store, donuts, drone_store, drugstore, duty_free_shop, e_cigarette_store, educational_supply_store, electrical_supply_store, electronics, embroidery_and_crochet, ethical_grocery, eyewear_and_optician, fabric_store, farmers_market, farming_equipment_store, fashion, fashion_accessories_store, firework_retailer, fishmonger, fitness_exercise_equipment, flatbread, flea_market, flooring_store, florist, flower_markets, flowers_and_gifts_shop, food, food_delivery_service, food_stand, food_truck, forklift_dealer, formal_wear_store, framing_store, friterie, frozen_foods, frozen_yoghurt_shop, fruits_and_vegetables, fur_clothing, furniture_accessory_store, furniture_store, gelato, gemstone_and_mineral, gift_shop, gold_buyer, golf_equipment, grilling_equipment, grocery_store, guitar_store, gun_and_ammo, hair_supply_stores, handbag_stores, handicraft_shop, hardware_store, hat_shop, health_food_store, health_market, hearing_aid_provider, hearing_aids, herb_and_spice_shop, herbal_shop, hobby_shop, hockey_equipment, holiday_decor, home_and_garden, home_decor, home_goods_store, home_improvement_store, home_theater_systems_stores, honey_farm_shop, horse_equipment_shop, hot_tubs_and_pools, hunting_and_fishing_supplies, hydroponic_gardening, ice_cream_and_frozen_yoghurt, ice_cream_shop, imported_food, indian_grocery_store, indian_sweets_shop, international_grocery_store, japanese_confectionery_shop, japanese_grocery_store, jewelry_store, kiosk, kitchen_and_bath, kitchen_supply_store, knitting_supply, korean_grocery_store, kosher_grocery_store, lawn_mower_store, leather_goods, lighting_store, linen, lingerie_store, liquor_store, livestock_feed_and_supply_store, luggage_store, lumber_store, macarons, market_stall, maternity_wear, mattress_store, meat_shop, medical_supply, mens_clothing_store, mexican_grocery_store, military_surplus_store, mobile_phone_accessories, mobile_phone_store, mulled_wine, music_and_dvd_store, musical_instrument_store, newspaper_and_magazines_store, night_market, nursery_and_gardening, office_equipment, olive_oil, online_shop, organic_grocery_store, orthopedic_shoe_store, outdoor_furniture_store, outdoor_gear, outlet_store, packing_supply, paint_store, paint_your_own_pottery, party_supply, pasta_shop, patisserie_cake_shop, pawn_shop, pen_store, perfume_store, personal_shopper, pet_store, pharmacy, photography_store_and_services, piano_store, pie_shop, pizza_delivery_service, playground_equipment_supplier, plus_size_clothing, pool_and_billiards, pop_up_shop, popcorn_shop, pretzels, props, public_market, pumpkin_patch, religious_items, rental_kiosks, reptile_shop, retail, rice_shop, rug_store, russian_grocery_store, safe_store, safety_equipment, sandwich_shop, saree_shop, seafood_market, shaved_ice_shop, shaved_snow_shop, shoe_store, shopping, shopping_center, shopping_passage, skate_shop, ski_and_snowboard_shop, sleepwear, smokehouse, souvenir_shop, specialty_foods, specialty_grocery_store, spiritual_shop, sporting_goods, sports_wear, stocking, street_vendor, sunglasses_store, supermarket, superstore, surf_shop, swimwear_store, t_shirt_store, tabletop_games, tableware_supplier, thrift_store, tile_store, tire_repair_shop, tire_shop, tobacco_shop, toy_store, traditional_clothing, trophy_shop, uniform_store, used_bookstore, used_vintage_and_consignment, video_and_video_game_rentals, video_game_store, vinyl_record_store, vitamins_and_supplements, wallpaper_store, watch_store, water_store, welding_supply_store, wholesale_store, wig_store, window_treatment_store, wine_tasting_room, winery, womens_clothing_store, woodworking_supply_store]"
structure_and_geography,"[bridge, canal, dam, desert, forest, geologic_formation, island, mountain, natural_hot_springs, nature_reserve, pier, public_plaza, quay, river, skyscraper, structure_and_geography, tower, weir]"
travel,"[aerial_tours, agriturismo, airline_ticket_agency, airlines, airport, airport_shuttles, airport_terminal, architectural_tours, art_tours, balloon_ports, beer_tours, bicycle_sharing_location, bike_parking, bike_sharing, bike_tours, boat_tours, bus_service, bus_station, bus_ticket_agency, bus_tours, cable_car_service, cannabis_tour, car_rental_agency, car_sharing, coach_bus, country_house, domestic_airports, ferry_service, food_tours, gliderports, heliports, historical_tours, houseboat, light_rail_and_subway_stations, limo_services, luggage_storage, major_airports, metro_station, motorcycle_parking, motorcycle_rentals, park_and_rides, parking, passport_and_visa_services, pedicab_service, private_jet_charters, public_transportation, railway_ticket_agent, rental_service, rest_areas, rest_stop, ride_sharing, road_structures_and_services, rv_rentals, ryokan, scooter_tours, seaplane_bases, self_catering_accommodation, sightseeing_tour_agency, ski_resort, taxi_rank, taxi_service, toll_stations, tours, town_car_service, trailer_rentals, train_station, trains, transport_interchange, transportation, travel, travel_agents, travel_services, truck_rentals, ultralight_airports, vacation_rental_agents, visa_agent, visitor_center, walking_tours, water_taxi, whale_watching_tours, wine_tours]"
